customer_unique_id,Recency,Frequency,Monetary
0000366f3b9a7992bf8c76cfdf3221e2,160,1,141.9
0000b849f77a49e4a4ce2b2a4ca5be3f,163,1,27.19
0000f46a3911fa3c0805444483337064,586,1,86.22
0000f6ccb0745a6a4b88665a16c9f078,370,1,43.62
0004aac84e0df4da2b147fca70cf8255,337,1,196.89
0004bd2a26a76fe21f786e4fbd80607f,195,1,166.98
00050ab1314c0e55a6ca13cf7181fecf,180,1,35.38
00053a61a98854899e70ed204dd4bafe,231,1,419.18
0005e1862207bf6ccc02e4228effd9a0,592,1,150.12
0005ef4cd20d2893f0d9fbd94d3c0d97,219,1,129.76
0006fdc98a402fceb4eb0ee528f6a8d4,456,1,29
00082cbe03e478190aadbea78542e933,332,1,126.26
00090324bbad0e9342388303bb71ba0a,207,1,63.66
000949456b182f53c18b68d6babc79c1,177,1,82.05
000a5ad9c4601d2bbdd9ed765d5213b3,432,1,91.28
000bfa1d2f1a41876493be685390d6d3,383,1,46.85
000c8bdb58a29e7115cfc257230fb21b,309,1,29
000d460961d6dbfa3ec6c9f5805769e1,283,1,36.68
000de6019bb59f34c099a907c151d855,426,1,257.44
000e309254ab1fc5ba99dd469d36bdb4,114,1,78.42
000ec5bff359e1c0ad76a81a45cb598f,57,1,27.75
000ed48ceeb6f4bf8ad021a10a3c7b43,150,1,20.75
000fbf0473c10fc1ab6f8d2d286ce20c,83,1,362.38
0010a452c6d13139e50b57f19f52e04e,463,1,325.93
0010fb34b966d44409382af9e8fd5b77,226,1,61.8
001147e649a7b1afd577e873841632dd,412,1,212.16
00115fc7123b5310cf6d3a3aa932699e,634,1,76.11
0011805441c0d1b68b48002f1d005526,541,1,297.14
0011857aff0e5871ce5eb429f21cdaf5,476,1,192.83
0011c98589159d6149979563c504cb21,438,1,117.94
0012929d977a8d7280bb277c1e5f589d,365,1,155.65
0014a5a58da615f7b01a4f5e194bf5ea,272,1,99.82
0015752e079902b12cd00b9b7596276b,76,1,74.82
00172711b30d52eea8b313a7f2cced02,65,2,244.14
00191a9719ef48ebb5860b130347bf33,546,1,58.86
001926cef41060fae572e2e7b30bd2a4,426,1,91.21
001928b561575b2821c92254a2327d06,54,1,164.81
00196c4c9a3af7dd2ad10eade69c926f,81,1,37.58
00196fdb2bf9edfc35e88ebfbcf8d781,237,1,27
0019da6aa6bcb27cc32f1249bd12da05,248,1,87.71
0019e8c501c85848ac0966d45226fa1d,169,1,197.27
001a2bf0e46c684031af91fb2bce149d,475,1,36.73
001a34eb30ecb8e3aacb07c475ca4dd1,98,1,161.71
001a3a8e11d76c9a366c31a4aa2cc529,149,1,24.23
001ae44fa04911a9e9577356dce6c63c,345,1,116.23
001ae5a1788703d64536c30362503e49,313,1,135.08
001deb796b28a3a128d6113857569aa4,117,1,63.33
001f3c4211216384d5fe59b041ce1461,577,1,35.84
002043098f10ba39a4600b6c52fbfe3c,570,1,237.81
002311514717ca8b65b09a26cdf7b91a,112,1,124.32
0023557a94bef0038066b5d1b3dc763e,203,1,107.44
002471155ecd08d208d1376720e2a907,70,1,92.18
00256bf7b05c08f6a5849df3d0a64f1f,138,1,57.73
0025795df7a7d077c4c90162fa820085,85,1,214.08
0027324a96d26a2bc7d69262f83c8403,206,1,46.78
0028a7d8db7b0247652509358ad8d755,308,1,354.87
0028cfeb9dfcd3628a56d5b6400deef5,283,1,118.2
00293787e2aec37a9c253b63fdfe2049,355,1,257.87
0029bd580d3012618731f5abb174a07f,349,1,52.38
002aba8c1af80acacef6e011f9f23262,232,1,217.74
002ae492472e45ad6ebeb7a625409392,374,1,218.66
002b4cd83fabaffaa475f78ea5ef3e08,623,1,64.42
002bdeb33da5b1b3ce8b9c822f749c82,316,1,38.09
002cdf87d4c03f08f7eb4551a923affc,351,1,228.67
002d3bd901608f67c3fc11eaaa842b13,275,1,28.76
002d71b244beb91ca7030b15ab526446,513,1,130.56
002da6dde369f6a8b4c999ed61eb5a87,188,1,52.38
002eb8b96288f3804e21d2777ac29895,452,1,137.99
002ed12115742033f015cb3c269ccf68,260,1,109.79
002ef00822613c94613e60e03b169fef,245,1,114.04
002feefec5af0a3b26ee7839c66d205e,353,1,77.57
003035f5ec76f2220098377482de93c9,415,1,62.47
003162bf0351f47a1a247992b8b9b42d,95,1,536.6
00324c9f4d710e7bac5c5ba679714430,483,1,109.78
0032c76b20340da25249092a268ce66c,741,1,144.94
0032ca69771a7758ce643258bb9e4ac7,93,1,62.45
0033f4a2887e07e25aa1204d482f41ba,113,1,425.04
00344274804f3b8003de1b0562ae01df,100,1,226.23
0034c76b7e6a17d738375b99afc2f01e,163,1,44.23
0035029989e6fc5cf030918a5f9f2037,158,1,546.12
003650b504826ea534e02eba0ab58dd5,273,1,21.77
0036a074f98b80c4f1fc33dbbcf9c552,523,1,42.62
0036b4a3d09ad551a5188c2e374da402,434,1,162.77
0036d365b138cc0ee06bed755bcb5044,259,1,109.5
00370dfde3d012c420d29657afc2fc8b,261,1,237
00377a18050b898b93e2c774be9947db,326,1,65.78
0037aa56b017c105c3a9d47af71fff98,264,1,443.73
0037d2bbb9ebc39d9114aea27ee16d72,569,1,143.73
0037eb1ff742ee2e71ba887f65f3c6f3,461,1,228.79
003800162424b7b5b3d75c9cf22a66e7,199,1,107.81
00391594070baf8603f5fdc1d0c6a48c,73,1,119.32
003a5571a07dcf09bf117d13d2980ba3,84,1,181.82
003a7a8eb096ed3cbf713d2def1ca701,64,1,157.46
003ac9408252444b489b1bfc013f5f8c,215,1,36.98
003ae409f37c3c30cb1c974af3a42692,63,1,216.32
003c2067070f5b3d923235b1ea1cc17b,72,1,147.38
003c457932a554e4df13834237b1ed00,285,1,142.51
003d56767e53e08671de00da3fba8d40,320,1,178.59
003db7adfcdc49857b095a50191b6c9d,168,1,542.66
003e28cb6fab8a0901bff9229612375f,583,1,137.26
003e2af81ea3c72fbdd093f07724a4de,184,1,63.74
003f4901fdb60ae9c1e2538b84c208e1,332,1,162.79
003fb95e849e71e732629d94bb92762f,79,1,77.59
003fee4ca17927283128c7ddc6f9311b,162,1,103.47
004177f7bf62929186b32c7fdaa6157b,363,1,433.98
004256f082951ec189a4962b6788c214,208,1,259.15
004288347e5e88a27ded2bb23747066c,276,2,354.37
0042dcca0ae57aaec6e808edc31a2d48,319,1,85.04
0042dfa8925d6eb23e471ec350454f04,84,1,62.91
0043d65f8039b4a4d43bc7b0f450ac2c,545,1,64.42
00444f48f6c9b55657e49435ce3a97ca,495,1,52.38
00446a03d7a34d191507c9e42870d0a5,590,1,128.95
004493e0b0a37317d25665d340c0677d,133,1,83.32
0045e9ad4d6c85d2323a7ab374b76183,120,1,24.13
0046311f458d8041b00063cb99482903,442,1,112.33
0047f3e16441284d757a8963344f6c59,415,1,76.18
0048706e497cfba0b689e1e3497bc99e,63,1,82.65
0048a779a98a7848514096ff04046079,70,1,41.04
0049a16516d38fc2246696172a257f16,292,1,32.77
0049dadc30da6a277c1e9d371df5a66f,491,1,26.01
0049db44bfd6cee26ac9c649329ff6ea,589,1,109.04
0049ec2d7a5818d0e4b3f4735cec2458,90,1,44.18
004a432489f6630c6dfd3fc4454603f5,305,1,84.01
004ad212c650c96c8a48f30855a7bcb8,388,1,25.9
004b45ec5c64187465168251cd1c9c2f,144,2,147.72
004b9b1634b7becda8eec4e96bced882,73,1,158.74
004d17fa2cb102a7c4817f040c884e59,246,1,39.78
004df63539fd5e38d4b0a0506de7549c,93,1,993.55
004ed862ea4e55f18868d3d782d10879,437,1,109.29
004f84d065096f3cedd26cf0adc80b9d,175,1,189.08
00504b68faa074d0f40adcb4f7727f71,67,1,198.7
0050dcff37f8b9ff611d245e30572b46,168,1,68.22
00522457bba00bba576a34fd9b4808fd,564,1,127.98
005226be8d5b972d0f72b4e8a79f322b,199,1,1600.51
00539155ce68fbe677934aebdb17e09b,171,1,58.25
00543330561a9088f8b3879114a7b008,327,1,73.96
0055b522bc89cbfbf376d8b59a628470,593,1,364.75
0055bbb9c95f6acb8db89d1f6c316407,245,1,83.23
0056c2dd794a5eede6164dcae635875a,70,1,171.88
0056f26cb8f20916c3baa0e39fc30709,200,1,109.23
005754cb59f8ee5cdbb5cda9d138757e,88,1,258.38
00575b2023dedcc0f3e81a938834689b,347,1,32.38
0057f64bff87f4698b4cbd338d62a2a8,57,1,82.86
0058e7db269cc11558913b42beb115d0,152,1,78.88
0058f300f57d7b93c477a131a59b36c3,209,2,175.58
0059acd36094bf670ec8b21be6c0044c,492,1,46.69
005d8faa4cf789cf52fb880a8569880a,159,1,89.25
005e32bc930906dc6b65fb9d11cce3e2,409,1,49.6
005ee3e015ec18092d7782e507cf68fe,381,1,187.96
005f060d4223956c62b64e9567a36f0f,148,1,777.68
005f4b46e70bbd3295a38e2fd28d6566,349,1,63.9
005f6fa02633470267dcd1e3ecd0fa79,82,1,272.04
005ff4ebe100db3eebbe6f7b19a8f99a,399,1,236.81
006031108b00e5f73b2426a50b50f9c0,409,1,204.83
00605a8897ed9ad73b5c93bebad2541a,206,1,31.13
00626f29f9b57d3ef7c1739ff03e944e,189,1,154.53
0062adafa3846d9f372d8f1bde591b24,235,1,149.87
0063817060d662048ed08bccecaf45d5,278,1,71.38
0064a1b5f5cddd047c987b988a90c8c1,229,1,269.2
0064c96f536ac6250275482221834154,119,1,65.33
00651d97d964127ccfc0e2e55464876d,233,1,23.72
0065f6fb341f013a95a8e11cdc98d07a,373,1,119.32
0065f7795a38381973a373c8b4939679,102,1,31.22
0066b328e72fd82fd7420bf849c0e8b4,408,1,94.35
0067d2652c12515146721538868bbd80,120,1,190.28
0068bd2e9e76c018846dbc6e2bec5ac5,113,1,79.51
006a8c1784d622ebe06bab57e72ee045,326,1,66.64
006ab6f5e82340e927757563a9fbe7e4,319,1,300.6
006b297ed73773b17d8874a2eb4466e8,191,1,108.46
006bbb235068a01d2e3e47fa09ccf53c,244,1,34
006c10bfead12ac8d90486fb4ce4e603,125,1,77.22
006d763076d74d16d66e828e79ec1544,438,1,99.32
006e937bd5a5e32043018a6d1521b5d5,311,1,199.79
006ec5b170182812131c7d9b219c036f,366,1,61.77
006f2f20cf0cd723624b99d0e8e40d0c,249,1,46.1
00704e915ae0d4a236eace0267454cf9,443,1,123.39
00705dcbc0b9cad67abd658612770905,68,1,47.93
0071f46a072a9ae25bbe4438b15efe9c,623,1,174.54
00720f160ff500d3605a1bf403eb62d9,151,1,118.54
00728bae3dec9c16b2193ab7e3195eb7,276,1,211.01
00737247e3dc1942da2c527ef3bd2709,207,1,78.2
0074a1d3f1995ff0538dc7197500973c,160,1,624.9
00762eafc5dac5fc1574f91e9b7c9b67,252,1,233.93
007658319c060f337577e8a1834d5df5,105,1,119.45
00765d375af0e700f61c57db00a8ee63,433,1,215.01
0076a71311bb2386a353f5ba87d2aa29,446,1,70.53
00776f3807b128beca64cd0b27138d92,391,1,321.57
0077ba3f829303a1dce98552495c91a1,120,1,159.65
0077dc76aaf02323f03bce9b00878253,220,1,874.42
0078108af1d2dc4b1601c744ca581b4f,163,1,66.72
0078bb0f0d23e922d08437b7d0e13907,300,1,44.09
007953b3182d5ccc9189a694f5c68163,550,1,112.08
00797f371bc0f6adb4d267be541a92da,191,1,67.36
0079b50e9f77c1148b472818f92eaebc,325,1,41.69
0079b7407a428543a7f178cc09164035,322,1,64
007a2fab7046647dad04fe7d08c57820,256,1,126.48
007ad549acb91673f04eac22c0568114,386,1,90.85
007b8307b6448f0425ff2001f00c1bdb,156,1,40.94
007ba48697b079e78f168b051462dd1b,133,1,147.78
007d9f716ead2bc8712255271a38f609,289,1,67.57
007e21b7a007c8f8dadfa43c9d5a91db,221,1,70.75
0083e758383b3deb6c6dac1b0b431ac0,284,1,42.35
00842c7d0cedb9e1edad8e9b7d148f09,560,1,64.55
0085139b503668b3addcfe826d91be8d,260,1,504.47
0085d749fc64f766ece1729464f8039a,210,1,349.53
008778a1591d49f6b2464dffaa4fa662,455,1,260.55
0087c31081ea8d160baa06bf4ad4d76f,117,1,183.05
0087eede471173af78d789df249c3a45,608,1,151.11
008b06aba4b5f5b5b94f525ccf520624,56,1,90.5
008b82b072c6b564fcce49a325f84097,221,1,45.13
008ca52811784a181c8c88e8d66b49db,63,1,136.64
008d17333e414049279c7822dfd5f019,420,1,132.05
008ea5bdd1a99fb584cce7739349da75,187,1,64.04
008f3d5f45a11059239a5c452cd00006,629,1,336.56
008fb2ecc75561d202dd4db2e0ceec25,504,1,40.77
009000746b4fc73fe77ecc396fdb78d2,322,1,166.59
009062f98089a091615b5c9faa13de26,400,1,30.27
009210a1646725341917560a13f7799f,441,1,25.85
009231b0ef6a6b4f5a5fe46938827b83,255,1,108.83
009301957bc7714394865c44650d8060,481,1,93.78
0093aeb87eca387dd153f965aa10c060,330,1,149.69
0093c499f4f9c0e169ead490aa62ce3e,492,1,226.22
0093dbe7f479386a92095026decf825d,324,1,43.58
00941614a654458b888b8780815bd26c,567,1,185.83
00950dbc783342e164c24e09023ebcb7,106,1,89.1
009671b5dc80cdf32aeb5850868ba81c,483,1,110.72
0096c18412349537abc45e350581cbbc,582,1,770.24
0096c9cb600a08e601f7c2be6734531a,446,1,186.92
0096f8cd903cc205efab77d5ae6bb6f1,247,1,147.97
00970787f181925ba33bd32b3817f742,396,1,35.4
0097c1e3f3c2fed7a7d8cf30be1a33df,324,1,101.73
0097fca0db567f5ca79509b7b4fc1c2d,181,1,227.63
00986cafefb6e670cceca01694bda599,290,1,66.91
0098853a28531d48988a2fb02b30840e,131,1,79.38
009890d2f2b15df1267ed7f90f45fc4e,177,1,98.16
0098f4847541cc7d676f9a5efc64c0f0,548,1,147.55
009a0802534f904b40b9d512b49794e1,335,1,91.29
009a3ad0cbdfc7f5481488472f72e8b1,196,1,21.04
009b0127b727ab0ba422f6d9604487c7,764,1,40.95
009dd7b313c04f4ccd9d4e423bc04ba7,175,1,136.8
009e70fcdd4ea3769c73210414e73c64,485,1,49.69
009f647a455451d6c325bef96685e1c1,173,1,144.31
00a02d822b18db532e50e0607e615f3b,64,1,199.26
00a089b8c7ab1e3808c3ad7de7a254dd,119,1,42.47
00a1c6913daeda0b7f9b79f802805fdb,294,1,101.34
00a1d0d7d91c17c634d6896ce10ce1c6,79,1,114.58
00a1e8f160b36ccdcbca310933f12a3b,322,1,36.48
00a218ea82c458456098caa1c4a7e796,595,1,66.99
00a33236962b4ac37fd25275be9c206b,59,1,116.84
00a39521eb40f7012db50455bf083460,136,2,123.25
00a3a868d6047bac2888d27b16743ba0,249,1,105.08
00a6ee75a90222405df9d8d59babc513,468,1,60.05
00a78b45ea275348c1a8081bef9ab61b,292,1,182.29
00a7d14cb10e11b7f7d65120a7e3942f,553,1,64.42
00a9fd000ff87bb48b989df819c418f5,211,1,259.4
00aafcd186fbd5da867f9b8df04518aa,244,1,132.48
00ab80210f1875276065f3c1911a2110,197,1,33.37
00ab8b4d83051d5a41842abe7ff473fc,319,1,144.66
00aba8ca6b7a455bcde671692a3f9e51,324,1,40.6
00ac9cd5c4ad19e16e7c6f6864711737,537,1,231.45
00ad4e6c01a3039fa1b45eaadb4222e4,117,1,78.51
00ad5165112e0e9a91a23b1132716584,568,1,100.54
00adeda9b742746c0c66e10d00ea1b74,344,1,2148.4
00ae50eb5e1d2514f694dee1dcbbd5ae,160,1,276.11
00ae9ea276a5a4335382c9391059ddf2,399,1,140
00af5c2c9fd47849143be82aea5ab2cf,281,1,148.76
00b0595d2b0f0b838edb7fbc749ea644,445,1,138.41
00b0d21952ae29dfe79db614512a27c2,313,1,418.17
00b1066a65657ee1759544f6b61a4e2c,159,1,64.58
00b1b0f856eb804d554ceab3d8f1dc35,271,1,226.14
00b1d2492b4127598629f19a22a32be8,328,1,146.9
00b21d737fc7f475c145ca292832385d,236,1,177.59
00b246520d4904724f9b20188a2ff39b,137,1,35.05
00b2ca23369b68c4d4105ecea9c0cb93,75,1,103.27
00b2ee6366438f46105832fd9acaf56f,197,1,283.54
00b309d0151d92709de70e43d662711b,371,1,107.78
00b5ba65365dad1d25811bf5e45fc983,325,1,106.16
00b72937dcd829c0d8ca72ec77cd073c,489,1,128.59
00b742e2f6d8fa571cd560007081d53b,119,1,181.05
00b8076004092a29c2c934570c356fc7,211,1,223.88
00b9746bf8ac2964942d8b969f015196,77,1,94.36
00ba737b18a7996f68cb8a99556bedd4,463,1,141.14
00bab5c446ba511117719c775a3f78e8,276,1,45.07
00bbfe2f540d0cfccbb098d92c503eca,353,1,77.57
00bc6cf36e50f21a8478d86721c07aa5,220,1,63.61
00bcc55fd3eb23fc001365c5f0c3c3ba,254,1,16.78
00bd169997f142571c113645554663d6,330,1,55.6
00bd194837f2ad36d45985a6205df78a,172,1,169.37
00bd903b65b4c9a1c822887d0b012592,152,1,121.68
00be1845d956d40218db17093f667764,327,1,68.66
00bee19e1199bc5cede1c674177b9e22,334,1,673.69
00bfe974afd63b30ed282dc69892fb98,293,1,126.66
00c003ed13c76042b78d53fbc26930d0,580,1,204.24
00c04df1c94e385d57d4a33a2965217c,230,1,88.94
00c05fe9d2f8b245f1f86fe559175f24,125,1,388.74
00c07da5ba0e07b4f248a3a373b07476,82,1,2304.68
00c0bbc49a530c07c110d269211da046,322,1,111.32
00c19498681c665889d1212be870e8df,334,1,130.15
00c1d73d161e74cfbe78975c1a2ba2ff,174,1,57.93
00c26c3dd77bb25a0423a2280886b86a,227,1,36.69
00c31de6420048cb3f668c99153debf7,351,1,73.62
00c3624c55261d9ce593f30e3815a880,578,1,414.06
00c3c74b09b2022ac2c0f43bb09797b4,320,1,72.05
00c4592dfbfe06775ab582d7a2b8dddf,326,1,67.79
00c4d93157cffc73cb2459f52b89cee4,363,1,83.01
00c5610e0f4b339cd3b0cc499937db8d,88,1,170.68
00c605c0bfa39610b994c18f822a6d5a,176,1,138.74
00c8c7f0cafacc30bfda2a9a7445ec80,82,1,85.27
00c916ff33b521444787ac76ac6b029d,311,1,85.14
00ca7e6a87ceddccce3ff015000be61b,212,1,55.06
00cac13832bd0a8b6f50f6a36b053223,134,1,437.84
00cc0061269a99836cf8b029b1d0177d,79,1,41.64
00cc12a6d8b578b8ebd21ea4e2ae8b27,575,2,126.2
00cc2d4fcb3a1864b4f900741915aa85,307,1,71.13
00cc7c54469f4177319d6bb12e883652,547,1,187.94
00cc8551c0621bc65a440e836bb652d7,572,1,95.22
00cd1ffd1a85ec2af3de73a3d341339d,162,1,68.32
00cd767526517f8a4fc27db6cc5a52fa,477,1,95.21
00cdb0d59698da325d0e6830120363bf,172,1,91
00cf2f12497614285e5dbfb77d6dd312,183,1,284.23
00d012266be1430eec790d0f405a836c,181,1,37.13
00d03b5e33f8987549c5590313a4ef21,488,1,35.09
00d079bd851bf5d13879d7a2a3b5ec48,271,1,178.46
00d1e5d82377766dac9f8dc4d4eaf4a8,195,1,142
00d447911e5d5ae87480df8734b915f2,77,1,280.65
00d474cea9ceb88b7175d564b081dfa3,489,1,115.4
00d4ef3e086e2191c3fb6e7b0d2a1c75,109,1,67.43
00d76f8bb8df7e07711da4076c52ffe0,95,1,124.83
00d7812c158831a996a6b3f4698643b5,59,1,23.28
00d7e54ab8c5d9916f19209dbaacbb3d,473,1,92.05
00d8411c0f5ee4e0a9b8900ea483680e,312,1,246.38
00d85302f43fe8848153e3720c34ac01,274,1,27.87
00d890d6e36244f39e22a9fb95e68756,253,1,51.14
00d8a60ad2500432d9edd109cfddfd9e,160,1,71.85
00d8ba74be3eee415fe4508fdd325ee5,259,1,372.69
00d96f54b90a6ffbe7361bcfdb85b0ba,238,1,127.14
00da34ebf22b87f6c2f53dc069f237df,153,1,246.99
00db0070b3c3bd0215072323c8499407,178,1,351.33
00db525fd8d4023dc446f0ed2519139f,448,1,212.43
00dba3af1366ca8114a40bc83021f5e9,320,1,146.18
00dd4390a8e8ad7a126e8331decc49ce,524,1,109.31
00df047af693b421c167e27932bfd6c5,105,1,168.08
00df9d2e50424d103ca8796e4dc7c207,421,1,137.99
00dfebc9135c7228dbb2239afc214bb5,326,1,28.69
00e04d8e3aaa5ffab327612642ab4564,308,1,65
00e10a3ff1e104902141546420f5a18b,89,1,73.01
00e130c15fdc51673742f622aa7eb63c,93,1,123.49
00e151934c812526b4ed6174c8b7b1f7,276,1,147.15
00e20792154788aa00f53fbd616a8d91,193,1,185.9
00e2972a013072289c3e86cfc2b9e38d,409,1,215.05
00e336519abc0012c8711db2132467ac,185,1,128.45
00e57919b893c89f4d9eee8d06c41f6f,334,1,95.83
00e5dfd6ee7406a69b74c72795e6f354,291,1,44.09
00e5ea6932dffb682bd3d5760e84d176,386,1,68.89
00e5fd621e63c426ef718e2174ebedc5,217,1,81.24
00e67cd18afc92ef0196eb8cdf31fde0,323,1,45.2
00e6c1a9e0ea3dbda699b60023a194ac,256,1,159.31
00e707efa5ad9f0e6bcaeeb87910693b,548,1,34.86
00e872ca2fc94e59982286e69f186e0e,431,1,420.94
00e8cbf31206edcf22b7b118daa13983,273,1,292.22
00e8de2edf1a4ac05a65e36b4682cd9e,211,1,127.71
00e91970e7fa706ece5b58bdb6344224,239,1,40.55
00e984e99fdfd52943156d2d7eb4a5e6,77,1,46.94
00eba9372ced7769c4b9f234923d73cc,322,1,40.61
00ec23a308504080697e5204d3dbcb2c,325,1,124.88
00ec5df43edcae768361caa707fded3e,311,1,92.57
00ec6ce865af3a65e9cca32b180e5d20,222,1,186.96
00ec821ef89535a690a072e80387b40e,92,1,123.75
00eca7e1c994897d0a31bf75478f4b55,592,1,373.22
00ecc71175078e2cac5547a5656e9622,494,1,235.13
00ee11b831faa111cd62af2f4de8da96,172,1,29.69
00ee7af62ef66b1f9b49f2c2bfd70ad5,81,1,148.7
00f0b70fdcb8a6e1671b52a2472bd41f,743,1,116.99
00f326313b0a02392c17028f78338df0,59,1,39.37
00f7a39823c05d6a0675aa6dd276bfb0,56,1,42.86
00f8151e6b5d1b3710527075ef845a88,281,1,159.86
00f8fcf41cceee827e699cc73950218d,148,1,87.97
00face5c8f7dbb7eefd4112722f26903,223,1,28.19
00fb8f6787f67bd33c7e86c9691d2b1c,275,1,274.39
00fb957ae14ffd35a3211d8aa6d9cf9c,152,1,70.88
00fb9cc86736fe3782dbc828a2eea4a6,301,1,92.57
00fd18b088edb95d1a35457f1c0e1bfa,137,1,108.2
00fd4a627a3b93cff0729f0b3554640d,74,1,226.31
00ff5e862f825ac56e5fdfaa6b69dc51,176,1,49.37
01007c64cbffc1eef7ee682dae0ddbfe,88,1,199.4
01007ebf75cabcd9d81d1aac37b278ca,188,1,75.19
01018f26fb8b8a922c025de40a85a553,284,1,213.43
0101da21926315ddd81d190e0ec40440,357,1,161.62
01020c5b6024bc1cf2a3228e566bafb2,418,1,123.47
01027e860e6fb9591599d94a4189e2ad,148,1,114.52
01029081d0cfc339576f71ab45713d10,151,1,36.98
01029c2615eacab8d39f0450e6b0bef3,440,1,227.27
0103751df12aea8b962cfbcd2b61104c,509,1,35
0104a702e0f73442fe4dc3bfff6ba373,192,1,273.25
0104d0840fb6bccc7618c519fbcce1a0,56,1,132.82
0104d8ef04b9df2891e69bc0e2e6dca4,552,1,475.47
010513009a288e24dbbc8183d5bcd4e2,415,1,57.11
01051cf3719a23faec8b2307b369faeb,508,1,147.96
0105c53fe2f742999dcb90ca99f4bfba,260,1,24.68
0105f445969ca7b8fa2e354bec7a95bd,332,1,152.17
0106cb3b85affbb1c765eef0eac01485,414,1,64
01093ce2e3723bdb8de583346d76098c,211,1,48.72
0109643e8c9bc5d8d7791439f3fa4259,286,1,58.59
010a0365ab237a5e2fed9d945121b627,95,1,73.47
010a81611c87c7e19c18f303e39973b2,364,1,185.03
010ab6653f042ebb8e430f1718f61147,186,1,33.54
010bcf93b3363ccf249034e7250266f0,432,1,114.26
010c88e815c8386129e0762691851850,393,1,223.44
010d09c16c5fee11226ca7c5492892de,327,1,220.54
010d3cb666c64c115a144d3e6fcbd1d8,367,1,47.72
010fea34d64c9fc635cebbe583f5104a,204,1,110.82
0113282a7fe79b3d8489193ccc601efb,212,1,125.69
01147fb2cf81b69cdcfdc1ac4c6fae7e,229,1,115.92
011509f63f565e822767bfb89c3cf9b7,526,1,69.07
011575986092c30523ecb71ff10cb473,182,2,214.9
011620d7c45f4d1599c68b2f19e4b73e,269,1,20.03
0116dc6ddf277eb8413a0393cca11c32,395,1,53.7
0116f610fa1418cda75e0d96e1639a03,456,1,33.68
011702c19fd5dec0000a8dbbb5b98809,318,1,150.29
011733687890faf081be6fde9e7cc7a0,118,1,64.86
011735b41c89ca1e075296f4ecb01a27,338,1,41.75
011784926e81122b1abd0210b5888c22,240,1,346.45
011785063c56f2c239064f603bf02a05,289,1,189.84
0117fb2675e2936a2e96dee22e8c992b,156,1,98.09
0117fc67656c020dddef928c878ad5e3,96,1,78.8
01180926dda31d9e6f60befe084788dd,245,1,80.2
011875f0176909c5cf0b14a9138bb691,578,1,4016.91
01196e80f5309cb251220a6a5b3f57f5,197,1,30.13
011a18cf4e0e74bac46678dd843e3461,367,1,55.09
011b4adcd54683b480c4d841250a987f,244,2,236.3
011b7396d7220ca4ff52508adcb6b870,279,1,45.48
011c3e6b4b11fa8a326a39e78deb6e66,589,1,18.83
011d6505c026d200e75cb0b6c47da758,312,1,81.2
011fd4914a2d19b2a0e50c29cea5c6a2,529,1,261.9
01202da9afa875bce3de24c92b764099,377,1,41.84
0121107a0cebf91b6af74f8a4ab3c4d9,325,1,31.38
012216caf4f1082ba3fc02e584de9a29,365,1,91.77
0122d73327d9135f8088572c7d7f5d54,405,1,67.5
012452d40dafae4df401bced74cdb490,156,2,495.33
0124721bc33e0aa6772b42d4ccfd01db,490,1,100.33
012510db7f0db8481f8a3708400c8db9,595,1,117.53
0125200158c999d5813b11be482a48da,166,1,96.47
0125fb08af5c9dd55731090aafc63ac8,245,1,84.91
012714eb883337fd2631c13d2daf4466,197,1,88.9
012755131a5b785b0ae3291c339a9051,207,1,378.2
01290b6163d2a02514a54df49221a668,382,1,96.71
0129147743b7712da1c4a55a59d0fb16,233,1,50.01
0129d48dce554d95f641d01eaa88904a,216,1,1429.59
012a218df8995d3ec3bb221828360c86,121,2,1510.38
012ab8ee5f7d76005d838758e9a9452c,58,1,38.35
012b41c1dae00a092474ca48dc764a00,86,1,442.52
012b8001e47392df808a454083a74b74,614,1,98.84
012ba82b3ff6ea994a4ecc6c848a4782,195,1,63.44
012c61cc2c69b09c85071ccac0ccee16,418,1,74.16
012da9594b65ccb990822802ba0ff2e4,189,1,82.23
012e12f54f6e73b1faba89a119dab849,626,1,105.74
0130a250cff3b3b0649cae3671959139,233,1,41.72
0130baad44d0ccc44bc7526c1ac18c64,89,1,323.7
0130be8e6677174b8184114f98c16b3c,552,1,119.39
013341d7f8accddf42fc02f001ad341d,415,1,675.01
0134417784b9f85470e635c063152a71,179,1,184.22
0134caf89be2059cfd79af28d8bc1e7f,121,1,62.92
013523c76f4749da72a9ccc4a67cb234,399,1,47.82
013689381e404bf6304f57bab4b8f01d,81,1,392.88
0136e40591d769adfb219f167a691487,393,1,58
0137420de9b02a180c53e5bd64f14750,244,1,63.27
01376b24e146a15f52ca8382af02fe62,467,1,90.88
0137839e600d4edd0949a8ce7c171164,308,1,150.05
013802b3b98584222c1280e654a655b1,154,1,133.67
0138dff42973f40e8f5225472526f278,170,1,167.76
0139884762afa50d78fe480646fe92b5,532,1,70.79
01399b72331afe80cc0c3a982cafb177,102,1,40.75
0139d2cb6ca3b630b5833d49634d328e,335,1,133.96
013a435769899074c568863694560449,204,1,1005.81
013ae505c83f5fb1905ed23afdafd3a2,354,1,142.1
013b083525868a0437652ebf071cda03,318,1,137.32
013b6090dc49b5fa51196b20ec11f19c,254,1,24
013dd47ed31ce4de00cb434b2cae5386,188,1,139.03
013ef03e0f3f408dd9bf555e4edcdc0a,89,2,245.37
013f3d6549189a4802a268131ef47a77,370,1,94.9
013f4353d26bb05dc6652f1269458d8d,323,2,356.39
013f66477aa3210eb05fec3fa184de33,268,1,115.65
01413c132b54b9b7dfadc2ee71ef78c8,343,1,51.69
0143a04eabe01ceb3a9fe2dde984e2b0,140,1,194.79
01440d8dea55a5d0ed27d26c41044761,249,1,241.25
014410afdd8e0393ec17e9d8488449e0,236,1,790.32
014593e48e9119391b9c70206fcadca8,390,1,150.87
0145b1b14166b43baa374daddffca8fd,404,1,41.05
0145bfdfe85402b2249c7437bd297a07,368,1,65.71
0145c2c66ea8f764ed8d8015ce149af7,93,1,32.23
0145fc4d376df22449756022b9ccb472,139,1,27.29
01462a1d33f1b303bead3ec1ae2c4f7e,100,1,142.71
014644ae002bacd78bb05521f7e9aaab,222,1,20.29
01469c41b00bb21cd01d2104b8e81384,613,1,111.01
01489018af4a609acb2fa2634c9ce643,71,1,74.5
014ce9c0a3df00f77a6932a7b371a3bc,51,1,23.29
014dc284927e986549bf255eb79eb3ab,293,1,138.39
014dcb5d582d60bca6a379e45a9041da,257,1,28.81
014e4042a6b3ed0b1a6cd14c7639bb84,196,1,241.48
014f7e8caea3379aa3d30558424ca54f,114,1,46.92
014fa2f37ee690774a7505252a28daf3,574,1,39.42
015124b67936296eb7250b38c906a627,213,1,47.29
01512524d623f78040531c0d8e20a772,366,1,89.17
0151b5ff5b5d642815f094f303e7052a,559,1,49.52
0151bcc17b8ae63a495b6c9fe6f708a1,222,1,78.19
0151cf157e4682357e62be311f4823b7,324,1,97.03
01525fe1e0d8e9616b2503260671d20d,68,1,87.58
0152897024d0ddad70baafe17ed705f4,216,1,96.87
01531f72337b960a58cdba9c94e96d1a,344,1,44.1
015366a7c13024e36f1f125d8f9a9e67,575,1,192.41
0153b79c47a4953a7dad6fb93ab45a02,374,1,211.6
01541e2754a6e7830b2871d7191d27e2,67,1,58.05
015546ec984c58044b2a1304f24193a7,260,1,95.31
015557c9912277312b9073947804a7ba,534,2,315.12
015613e1b7c050cd2331d34076fce1c6,200,1,98.6
01561f92006fd3ba8a8a4246b7f38101,371,1,146.68
0156e3456c1959644b2da32c2cee358c,76,1,93.28
01575c2596c13ff2422df080a71b481b,351,1,67.6
0158b70c1d28da409abddfcaa5f0801a,539,1,77.06
015906d05142c9dc02e816c29c044bba,281,1,308.64
01593b828c6e7c516ed078a4820ab9b2,103,1,44.87
015aba8b6e516fbf6ee76c164c11987b,235,1,86.15
015b72d1a4ec2bfcf75518ada117c62b,92,1,261.8
015ba10edbe7988bff82867b4480c225,474,1,261.24
015cd0b039aa3b36cf78f41d8f54e3d0,233,1,99.82
015d45ef9d6462cf0d5f062c54f26941,270,1,209.95
015dc4d69b97b8784298de6c9484797b,375,1,118.02
015e470a59ee1adbb4d6586fd90e4c52,250,1,60.85
015f170c7abe45372b9f0414d901e71b,335,1,89.58
015fcc1fe9d3319fb41b08e986684598,480,1,317.35
0161783a9f93dcefde5ea508501713b2,376,1,47.69
0161ede24e46b8e50ed493e5f8b3b305,315,1,85.14
016201b260065cecbb315f4de0b0dc76,327,1,163.68
01626676a41ff29901f7b42bc8e09dd8,222,1,89.88
016547a638c42ea1061a1400eab339d2,261,1,66.01
0165dc4e0c64d7c1e17757ab8676f213,139,1,117.51
0166e2f8aaec14c93d23dea2523beac5,123,1,205.86
0167a6f5d58d5632b42c44e7f66f2abf,273,1,419.16
0167f525469634cccbda49491f01324c,66,1,78.19
016846e2dd862cba9a2a10eff5ac244f,523,1,474.96
01689985c22786e41347d5167048b25e,89,1,337.38
016a461e59c71a989c278fb565441696,435,1,222.24
016a528e7cb02b29de37ea55cf89b9d1,312,1,39.28
016a5760b723a3a0bcb4b294d4bc6b45,100,1,214.13
016ac660c79288138b5d6d3570eadc9d,314,1,88.72
016c60628fc64e15fa5990e58a0b57c1,454,1,304.56
016dc4411329d2b3292a0fbf1402e95e,120,1,238.44
016e32e564ee03416c6f73e44a4e802a,584,1,85.6
016e68615e12298a0a004a44d3b78579,132,1,100.75
016feebfaba953a2456d3a063b8eb8ef,611,1,62.83
0170c406cddfc9a551a3f8045379afe5,237,1,72.15
01726e5d6a88d1a8dffd9578872ce54e,245,1,834.94
017500c32b7353decc3a3a4d91acd0cc,259,1,103.16
0176190d05dbc46f20484610a0a0e1fb,538,1,305.7
01762637819e8e1cb4093ff1589b0f00,286,1,147.15
01769144da2a7ea21cc6163452b5824d,220,1,68.13
0177c9c4715fe173b9c26fdd95a94579,326,1,127.14
0177f6975b155c814ea6273eccc58d82,229,1,230.86
0178b244a5c281fb2ade54038dd4b161,81,2,259.89
0178df128a2cb4f9914c8c3beb8a57f6,310,1,35.69
0178fa4e501691dec0663f439950d4de,246,1,37.9
01798446b9d249eb006931079a273601,96,1,88.09
017adfe7897c78902d9f7d58cd855990,428,1,266.86
017ae1edebbc1749a64a520e37633c3c,169,1,412.42
017bddd3844cbc8c9259179f66786333,264,1,219.28
017c17dd6f2e7859373a5724b863801e,286,1,108
017c477c81dd0f10726f7828f0475c0e,183,1,66.24
017c4e59e1a95482f32f65e03a46af95,153,1,82.92
017c5a91ab1759799a4d68be8091b8ab,175,1,83.37
017c61c786dae249f339e690764ec7e6,377,1,62.78
017c7f75ca30943882f48d5fda81e2df,396,1,175.28
017d9afa17ebea3b2a7c03ed6bc954be,459,1,37.72
017da2695c69ee376b8b4220cf0f61ec,121,1,81.1
017eb8439a0ca7dcfc228f933bd204d8,231,1,42.78
017fa9ba22880652e440025a91d5a66b,422,1,43.69
017fde295de136549d89d951da362287,460,1,43.91
017fe3adcd1989f1ea8bac1848bd1b94,141,1,42.79
0180d29fed77d26d59490f37198514a1,107,1,94.5
0181f57a87c6a2f0e0fe2807f67aef0e,525,1,29.1
01835b7ef446c78d0c37077894aa068d,197,1,92.26
01838e7d69d87bd8ff2b6ff06789adfb,634,1,159.11
0184070f27c13c909a1de7b1b059b496,277,1,168.33
0185135ffdd866d3a29efa833ac0829b,221,1,89.36
01858f2fad256b1689f5bdafc059f745,78,1,1841.11
0185fbd2271efbc59bbb96ad3e99a7b8,182,1,37.23
01873d3c2fc620aa701e30d2c4181673,190,1,58.61
01878328db858b71da86bdc8966ea729,154,1,70.4
0187e88f4c9b2e4c92e5d47ffa0e1da9,237,1,81.79
018864afd6d3af6af6e3cf1245fc5ff8,159,1,17.29
01886ef98f995e4f2dd75a1d04c97397,222,2,75.31
018875156db79cf3fb697342f256c329,468,1,56.85
0189137aa093295df2116467b8201d66,375,1,51
0189334b410cf5340ba839359af8a959,339,1,206.99
018974568b0b5a8c395465dee270c3a9,449,1,42.77
0189955e61056a22dd6e7cb03603a149,496,1,111.81
0189cca3aa2a0f75ca0cde94ee38be57,499,1,100.33
018ad5828f8f66b69604caabd0aa78ca,591,1,28.62
018b0a8d048e41f2d1f55e56dcbd335c,449,1,192.66
018b5a7502c30eb5f230f1b4eb23a156,423,2,110.18
018c9bbd7d61c91f2abf3cd77b5010ad,275,1,92.69
018ca9b2c9f793a0e43e75d6a3eca86a,259,1,113.8
018ccb97f791b89dc7ae72b4a114b00a,320,1,213.09
018d9881368d5098100c2430b8ed8bdd,237,1,50.1
018e2017f47d05d438effa6d15061c2d,307,1,46.78
018e7e423aa73a3d7183d8c7c7a7c50d,60,1,45.3
01922cf678f7c6d925421a273a885fbf,113,1,104.84
01927626c24c5826ceb6ca6b2797fd60,210,1,282.52
0192a97d19fd891f0a4453609753b886,120,1,112.09
019322e670d197f31413176b865880fd,477,1,26.77
01940bd0ea09e8cbbeb24452e58dcb0e,92,1,82.32
019441bdb2c9b0b1990cac725c427960,156,1,155.52
0195b599954bfa2cfac327dd3b35a877,180,1,182.1
0195c54646cda6452f5e1a0474f3b502,161,1,57.19
0196285e88e29cdf2c0afba10cddd9f0,92,1,37.25
01977d0ffb59b3b64796aeec649edec8,369,1,163.69
0197bf8828afdb5ef6a6f7446a52607e,385,1,173.72
019890d2ead42f267a2c66919d9dedce,282,1,197
0199358f4d397a51c763be597977ddd1,90,1,109.97
0199360d5869b53eece5870f3bd1ef0e,514,1,758.93
019954cc9c2ceb2084881eefdf48f0f9,385,1,105.87
019ac5580a897d52e5ed6f7ed89ade27,406,1,1337.19
019c20bc411068e6f296cd471ac8425b,335,1,60.78
019cd54cc450bdfb2de3e83dced0c511,441,1,223.14
019d47513bb1164cc83fc2d6d7123ef8,614,1,208.16
019e6c1c524669436535388a1cd5cefd,447,1,386.24
019ea19e666644625032de5efe2ceb71,156,1,109.42
019ed386aec9ff0f9eab4a590231174e,78,1,921.24
019ee3ac31baf4383471c760125e2977,56,1,38.37
019f29cee4d4031f59fed390d3cd0bc7,472,1,92.67
019fcfdd0b0ec239cc2b536428064c47,99,1,344.28
01a013f2d3d7b0fa074a09d3e6e7b611,552,1,302.54
01a0f3dc3a406f7fc8593565e1a50b4f,451,1,30.75
01a17507586f0f10f52e7e86ac73e1f7,117,1,517.7
01a20270c305052404127be803843f2f,500,1,162.25
01a22e2079ea71e17313b88e5811e54a,268,2,165.34
01a2ad01e93ccfaf7eaff9bda6f2320c,214,1,169.29
01a3427def071b9efaf74a817c4e023b,510,1,31.6
01a379e7c61f254c6c1bfc842b4d9416,360,1,33.62
01a4788c8bd6d0d6a5b16ccdfd393b74,131,1,83.42
01a4fe5fc00bbdb0b0a4af5a5345cca5,139,1,472.72
01a551a1f8c7955ba259897b2e3d2e30,56,1,55.38
01a6d398ee25ef8ce7ace2d3620ce248,212,1,56.39
01a7888cc755d6ad17b03de5f5543641,265,1,87.64
01a8574d68d5a495ebe94a4790f6fe34,325,1,134.58
01a8a2fa13dad647949ff57927e63b0d,566,1,53.95
01aa30b6c0412a1548fc29e2c98033cf,329,1,310.21
01aae089a9f716c2d948a24c5406603d,328,1,85.14
01ab4b660bfe57375e0486a07bbe31eb,202,1,90.99
01ac1e0b4421bb9946e56692e21226f0,195,1,71.29
01ac33544e5b7d1e79f7d69a065282f3,112,1,79.13
01ad914ceb44eddfbf992570e6a5ef49,115,1,99.65
01ae3897d0da657af5dc0b0dab9df7dc,288,1,32.77
01ae92e9e94bec47e10ef885402cfe54,327,1,153.17
01af16b985b3ad90d75333691e2da6ab,247,1,47.78
01b0d417af24703a0b20cbe71f354285,606,1,91.61
01b0e04852a70de5404609e82e8fc0ba,282,1,116.84
01b0e4e53ea06107438b0738d8d670e2,265,1,236.16
01b3e064c4fc4372a269bdc02c131850,51,1,301.8
01b42ac9d3801e6edf67f7a95f04a838,72,1,66.67
01b466cc9a9e663eb04f4b8890dbc5f1,370,1,821.35
01b51b6ca4757ff714f2a54043e5c7b4,281,1,142.92
01b531d9fa14ce8894156d72f7ee8b92,434,1,118.85
01b53609a2d3710857e22775bbf8ec0f,153,1,116.26
01b6eceb8d393992f590cdb60a41e388,375,1,55
01b7463b1d6850a0ddfb4a93e05d0671,518,1,129.01
01b84e3fa2897be6eec7fadddb3d56f3,357,1,117.16
01ba3180d3c6e7a6e269c5a542985423,238,1,108.22
01bbbfc56b8ec1052e46f260226e34f9,198,1,314.04
01bc72407ac3ab328e54938f599d2231,127,1,19.55
01bc9765e0b1cbb83ec85d576ddc4ef6,63,1,218.98
01bdeb2c0f524bb2119a8c0cd5419f5f,291,1,77.77
01be09e08ce97be4356a7c93bda4ee70,517,1,55.11
01bf812bfa21271c91dbd9bcb9fb055a,128,1,140.91
01bf87cfe6b10b53c057c03b9e7d034f,364,1,56.69
01bfd443225216fd172d2af98ae80068,225,1,187.76
01c12b236caa6f6d630b985da0ab5d30,422,1,134.38
01c1529c867b31e5b6c34ad4ccaab314,74,1,87.17
01c15633aa5baf9c6d2685354fd82747,463,1,105.28
01c19b1261325781dcf2f82c9892f80e,160,1,126.81
01c1e31277120e8c6360c6448cbd4c80,254,1,124.33
01c228e91a729c993c054756eaeb680c,316,1,32.09
01c289bb06354cdc7e6549570f20ada4,295,2,242.5
01c64acc2efd27442844ed61dd9981cc,183,1,27.38
01c6812053d3159e3f8f0a3d92af3cc5,342,1,124.4
01c75ebaa6fd123179cc3898fe4d24c4,69,1,90.62
01c7e32e214b3b0c31b7460a08e89ec9,118,1,22.77
01c849814dd6cd478f0ee6343414acb7,97,1,115
01c92cf65b66be2fb861a163d4830f5a,239,1,126.44
01ca0680cddb7f4c71e3235f08cd16a2,158,1,32.61
01cad597bb1c8c79b2115a6204ab7f8c,309,1,105.3
01cbe0a1a969bf0936fd97298ae18cc8,163,1,163.89
01cd1ef6c24558b19ce2dab8801fabcb,210,1,695.59
01cd5bbfc2ee49abdafb429522b93fce,363,1,16.22
01cd6609264361aaf702ecbee2641cea,176,1,83.75
01ce78f7a46aaaf7a9d1d2b86224ae38,211,1,57.85
01cf4a649781b563f650ce1c18b19be6,130,1,47.13
01cf555dad51551a56a1bdc9fbf2acd6,517,1,117.15
01d0f02781924f788fd9d0521663fae0,486,1,48.62
01d1444a9676bab441621b52773035e9,332,1,154.63
01d4133dfc24adea1d8d8b7f5ee44aa4,337,1,135.08
01d46b5cad3cda9c22f52df41197a671,552,1,40.86
01d4d353f424ed250bf892af49d30abe,357,1,128.46
01d540906498d52fa3b7f10b5ce735b2,93,1,98.56
01d628fd151ab84d5063f2dc5c92a118,256,1,64.37
01d78a7d654c0b1ef85977c306d0f60f,219,1,171.24
01d7b0d6f8958188afa680d75dd47919,114,1,173.22
01d8df79b0fe245a03928d53fc25c223,436,1,137.44
01d8f02b7ae915fddc5736ecdf613cd1,275,1,114.84
01da270abab6215a40467414afae12d1,78,1,197.29
01daeb09de8f07882ccd4319ffbc4693,325,1,38.72
01db45606d08e66e2c058ad2f08f5b34,78,1,87.39
01dbf5ec2334d02e47a8167d3c2e0837,165,1,56.22
01dd34b5f4cee2a48f03ba1cce8c592c,61,1,104.72
01deea8faf538e657bf2b1cb6b6c24f1,388,1,34.84
01dfe4b4e19154abdebe71e50f52f88d,166,1,131.43
01dff584b4563da3703fa375287a3a69,237,1,237
01e0008efc8b3804e274ff934ba017c9,599,1,81.78
01e019838e4e21dd66bb6f69352334f8,318,1,379.08
01e123d7c7cedf12af483fc17258b9ce,131,1,947.72
01e4cddc3a56ea6684510cf09f4d0411,281,1,38.9
01e4f76dbf261176b87ed09f6803c596,225,1,413.02
01e66e20cc67536e6fa27878ed07ad0a,259,1,36.69
01e80828765c999c3f5a7713f3912309,513,1,44.39
01e8bcc3377762cf85025138b2901947,546,1,221.64
01e8feee57ec1b6447fdd4fbea8093cb,259,1,132.05
01ea2467bec4e5ba6c007621c7df3bf5,57,1,57.5
01ea7dfdac01a4e8fbe2902b73510b20,250,2,276.75
01eb9d565f58fe2b55946b72db045556,190,1,177.59
01ec28844a316ded17fa50fd28b98123,229,1,119.48
01ec66cacd4c45d04f9ee2a1c25bb20b,595,1,79.09
01ecc1f1f21f05d0736c99d92646f132,432,1,65
01ecdc37f767e85f5b3fd2310a289253,64,1,721.74
01ece9ffbb6a00db5549188bc410e878,394,1,119.94
01ed8df97a21e2f15521f9758554b32b,463,1,60
01eec5acca315fa22d30315944c65536,225,1,207.2
01ef3ec35f556231aee2f73e8bc6f8a0,378,1,237.88
01f156677184504063bd19739f924af1,737,1,784.8
01f163c912209bc42fd9c0e169e8039e,116,1,46.3
01f173d576ec0a01bbe13dccf0942696,380,1,171
01f1af590b3fa6e09ee79551635926b4,324,1,270.67
01f2285f85a1c603eb7ef755ad311769,139,2,463.04
01f2c78d8578f27b62ca1186752e1532,321,1,386.33
01f382f4c95df31e05e27f1151a015a0,390,1,135.86
01f492ebceb9747c71cb86d983afb9e0,237,1,36.76
01f6fa760c8cee5fef785c7a73321534,325,1,621.83
01f7f7e1b4aefac99dea303f9eb5f7c4,188,1,93.82
01f9585695ca0cb669ddbae22f6ede43,78,1,251.33
01fdfc6e1f85ad504461c6699adb246c,312,1,28.75
01fee81dfa09d00693bbb79aaf922f89,511,1,257.79
01ffb8ddbd9e1167659827ed1b9b6ccf,90,1,83.82
02022a08ed3a2e736777b7b71389c62c,327,1,39.6
020299859eabbac628a0b2d6ea22bb9d,84,1,127.66
02029b32d4185a32a888c3f2d4d8839f,321,1,147.35
020311f9fc67a990f3d43b481398a259,210,1,60.22
0203cdea5911c033017b1b2bb6dbeb33,210,1,128.13
0204f3da94dadaf3fa21305413e02d63,279,1,98.56
020504cfbef989c034f403ab0076c408,327,1,249.08
02054940ff45a170ddd0acca60575eea,265,1,238.41
0205ecc1296100f97f4ae03e22643b8e,162,1,428.83
0206119a2f332d97fb68a9c1f592b2dc,496,1,79.1
02063d3c56dc62e17f57cdd78c4962ff,70,1,50.47
0206671ca1e6cea41033a21774bef222,177,1,76.39
02068e4fb8a2f9434c60eb29751b0783,174,1,145.37
020747bd836e23bc8e3692937ad85497,120,1,50.31
0209a0a5c96cc50dd1bbe71e3730af2a,513,1,245.94
0209af58dcd97d6ff5bac3f5fdfb8c0e,76,1,119.53
0209cc2349a03f00567bb9d24a459829,488,1,65
0209f290b5451d357308bc0e90521026,87,1,631.91
020a1ffcfaf43c6003111eaa33faa6c9,560,1,56.32
020aa2d69bca8c7a0b3da5f8e602c26d,434,1,102.12
020ac38b920d61317bc3e7e2d1e3602b,402,1,85.94
020ae51ab502504a00ab6ccbac53bfa6,64,1,812.76
020b824fa9ea4049aed3171900d41e86,170,1,75.22
020c0844de3cbc0e65fe2cd62ddbc985,187,1,129.32
020d46eecb7bda2b3ab2316a91bb49f6,392,1,63.53
020de21f006326d43b15b28e073f8b4c,121,1,164.54
020f91981e05247250ccaa0ba69364d6,392,1,139.31
02105a58e384edb89a9827dfd3b8173b,214,1,124.67
021109bdb16fa17c2463cab87da314f3,280,1,159.7
0213ec5289d86c40bda69ed571b5853f,303,1,600.43
0213fe7fbaa0a7e81c16350785e367e6,230,1,213.74
0214a2864bcff8020dbe8c40a2e9d26a,583,1,120.68
02168ea18740a0fdaaa15f11bebba5db,373,2,264.04
021823ac7f57395504b4fcf2df8667f9,261,1,38.38
02198c63d3e65ea299d6d8d3c7a11665,189,1,21.59
021a4369c52a67fdaa1a923dada92cf2,463,1,23.6
021ab4ee1c733fef68ef3ddbb6c4ea7e,524,1,55.94
021ac5734c4f62601583998bf0de4e03,149,1,741.45
021b5df6105eece2e83def42b2a75a1c,218,1,65.22
021ba14f8e7b9e5c46cc91cfdbcfbbd1,234,1,51.84
021bca90c906d19b425e192070eb6f68,369,1,109.6
021d9099364431e24195152225c8c535,156,1,91.79
021dbb48a965542d846e18a6799d37c0,475,1,158.13
021f9b70becbc032905f24f7e6c2d7d7,496,1,131.04
0220755d57fdf6a1f63f39f51bb5fb90,156,1,34.58
0220cae7a876f841ad3924e84b29861a,401,1,75.17
022130229ad6d7d853447a4b0979b2dd,224,1,116.21
0221e219e9875443d81e933d3d6f8c80,76,1,78
02220c4df207c6277c269f0b3a05c7cd,288,1,135.14
02238d275f51bce58c8e97218621bd91,277,1,36
02248d5e7ec365ab4fe76975be1449a6,383,1,33.44
02251550f4d16aca44ce66e4263c0522,632,1,139.27
0225a15f6d472b6aff9f2ea45e9a563f,138,1,96.46
022609268add6b353d31185c5ff813c8,77,1,167.32
022657d659cf88bcc8c22774f3f0b61a,57,1,73.61
02278b7fe04a285092542fa4313cdc31,562,1,50.95
0228e299d1cabeaf9be64b5ccd784c97,453,1,1150.54
0229357c32b8eb6b686af4ed4c90d22f,149,1,40.29
022949b07073de5d6173732ea01d6155,217,1,61.22
022ac7dfecd0b4f6019415c4a0fe6d03,172,1,175.5
022b5f96c507ad0530bb7c5a29d00a7d,260,1,86.93
022defe8d96ad7d7e6b2e39a5d83c500,126,1,87.66
022e9ef39a8047a24a813f57ad382b94,409,1,647.54
022f73728cb75b707e8237867ba3526f,134,1,121.4
023196e0c7c9f50e21677e45cc6d539a,331,1,145.52
0231f0795b8e38aeb40a26115e75722c,115,1,248.81
023269083e9a81d89531aeb436d4a05b,233,1,105.38
02333854bb2fa366a65a44ff189a55cb,365,1,141.09
023571745d76e09f8bd5477af28f605e,453,1,125
02359eb55cd801c825452c46c59d416f,305,1,135.08
023609b602b585ea3aaffff453cd0edf,168,1,90.44
023614eec7dadcb125d4408c1e9634d1,244,1,36.69
023626329895d11d199a1bf57dcbc546,78,1,118.62
02364b772a6ae741cce9f3c93ea77edc,168,1,215.38
0236e0a7664e478c1c5713ed4d51f906,245,1,64.17
02379766f7d489377d4a0b5e5a7bd40c,167,1,65.22
02379fc0d5e683d41ccde86f75bbfaf4,114,1,88.51
023986b2b457eb7ffc5a7669a6dad6fa,125,1,42.79
02399dafe5a38655445fb46ec2499071,194,1,28.04
023a46a22f869dafae9c900b45b8622d,372,1,64.09
023a5f2429a60d00c9c26887b95c6c80,402,1,23.78
023a67e0df63273fa1f49cd71fd3eb61,203,1,187.06
023b5ad5d79bf390d6c743833dd41732,293,1,144.56
023c86aec9feb3a43c76311813f04a3e,334,1,43.14
023c8fe9cea056407269dfe9bdd57a8c,359,1,68
023d64edb6716ac1a0a5da6e6277a713,167,1,62.39
023d978a84bb97e195d5562279a7b285,219,1,53.13
023de84681c997f7bcb218b8e23df233,283,1,146.96
023e5eed74131f86d5893680d88d88d7,174,1,99.9
023f426e28a212b8328b41649a2b1a05,67,1,42.27
0241fa2e9adf0576cb0f845377d05c03,85,2,199.03
0242712d1c9c34808dfa88c597c7b0f9,327,1,64.1
0242e42b2210c764b47e099ddeacd742,460,1,146.9
024422409498157526b84fb4cf919ae3,282,1,109.41
0245997602d4ec43390590e43dfd39d9,548,1,185.26
0245c32b7a8e243d2574af599a186108,192,1,69.65
0246128cbe42bad650aca67dea148ecb,551,1,37.32
02466bc47e3eaf9117b78765326d41e7,65,1,54.27
024676cef113f6c81db6c5b8d29e5ee9,169,1,63.58
0246b5fda21cce422b91be62bca9c9ff,95,1,91.76
0246e728843e079b72ae99cbfe711acd,198,1,20.34
0246f8de7fe5a9cb5e3a3fffa3cf0da4,376,1,127.91
024741ae16493ea617e06ecc277c7069,481,1,66.34
0247caa552d23ae7ca2e0777b55a4a2f,262,1,128.48
0247fad5e7e46592d7216d01e9a2d7f6,598,1,208.59
024879685782c26ab2f0365fbea37967,328,1,42.69
0248acdec0648791650de14b758df203,271,1,137.47
024ab36a6207906cf0d2767466419017,606,1,57.74
024ab3d97dd522b7f5173b905628f9fd,186,1,139.82
024bc6c3997170f0ca30edba8ba8aa55,401,1,307.8
024c132534a98479e42a33027e3ad2e2,153,1,116.95
024c233620ca87fef1d3f281e8123142,148,1,101.72
024c9fd1cf1c2c614f24a18e5dd1784d,184,1,45.39
024cf57b6da1f225b8b130dcd9093af9,530,1,154.12
024e448ec8650b88a45e9f6049eec02b,167,1,43.29
024e94ea4d09b69b4996d5af7b43c1b4,83,1,69.18
024f153bf5ff2f378be3577f3248f283,424,1,96.19
024f45263b6a8d9d49b30c4251cfe86c,427,1,33.1
0250e6330823590753c1268c9bf15446,444,1,161.37
025243a8f6e8e4afd7def031078725bf,324,1,248.08
0252e35d8aa0b7b19eb4fb96783bafca,496,1,69.17
02552fea6f4fa9a5c61bf9d22408ae73,557,1,251.76
0255bf539e958e6f426caa5a0cf79aeb,268,1,44
0255fc149c1f191319c8c431479e5d8c,79,1,140.67
0256a460aa82066254d63d60bc21076e,319,1,92.41
0256fe01df094f555379b7d453ba22fc,323,1,453.33
02574dbc91dbde4c31f8c4e5ccd4f808,378,1,179.26
02578a30eaf25ecf087a3728dc04b85a,428,1,54.09
0258ab8ce9fe72c23efb37dd0dcf1307,423,1,41.75
0258cd3b5e7c4b397cc09ea472677e73,269,1,181.76
025bc857299fac3e5c699322d2a1485d,483,1,48.01
025cf7c2f32536f0be1ab412bb6602d2,61,1,1898.61
025d137104467c3e5c07018d9d0bb6fa,379,1,111.55
025d6eda479e8fe58f6f9c334f86712d,60,1,138.5
025e14cd691e409911edc1cc255115a7,327,1,138.36
025e4cdbeeffdff36f7f289a4b714965,496,1,76.17
025ef887ab57255584e60873ea086144,177,1,21.94
025fef1b215081d46d39595c7b67c9a5,441,1,223.14
02604e6d24c19c9e8c72bb1044bc48e0,272,1,36.7
02620ba8f4c9b8583a78fbabcbf155cc,334,1,199.47
026369eca788b2b8574bdcd04b003d80,163,1,49.22
0263cd21a17b7b8396e582d110c6ad3c,297,1,207.79
0264a651d41a6d387cf2f061b5f914d3,255,1,137.6
02678f5b6207663512dd9cd96af14f0d,180,1,473.83
02682c9a04df6a3e140e2e7eb78fa693,438,1,178.44
026888d959225b8c5d57f6f0fdb54470,313,1,164.8
026928fd79018e3c6b635da82781eb62,460,1,65
026af3cfcaac056ac62feb8457cbfaa6,302,1,74.16
026bae191fa488af0155ef3eba3d4a79,329,1,130.14
026c7e2e8e363c7e734a716f9c70dfc3,505,1,40
026cc430843b605b4b5515751f4fe5d3,106,1,808.88
026d1aaa74457b39204f1ee240db2bc7,366,1,65.24
026d6aade0923331c6065e5daa7aafda,590,1,134.76
026e135c007282454338db204e44381f,341,1,73.34
026fef2c54aa326832f6eb30e9a13398,65,1,131.71
02700eac78be35e1cbaab825c2314f4f,203,1,157.74
02712c43bfdb769882911ec01879f2b6,181,1,44.32
027179319d6e0b4958b300ba6e9e35e6,64,1,98.11
02726fb0313c64d554b3a373c3a92f42,241,1,156.24
027497dedcbd1792aba7aadf6677d2a4,197,1,71.88
0274b33316518523077f46c699109015,186,1,367.99
02772b907240626d358384cfc854b6eb,301,1,161.46
027803eb28cc01fbdf5da72b109fabee,365,2,101.43
027835b35f861ba108518b2c529e308f,247,1,35.69
027873e82cba22c40763c9e44a536a38,194,1,142.54
0278b3b0c4368280c3a17faa0be4311f,372,1,125.53
0278d1770d14782b065a8f24b0084b08,386,1,181.99
027975035267b4ec8c9d8ad65c6c4d6f,237,1,104.37
02798e1b3a37c163dffad98b3c6de007,83,1,622.86
027a37fed88effa55ddc5e961a48575c,233,1,91.86
027a8a853eac346c3bf686f95289b761,334,1,44.66
027b0a2a0630aa7439875c30b987bf99,270,1,71.14
027b5658f8a94a67c3d037047ca849c5,573,1,380.66
027c480ac01f936d8add76e496bbfebc,88,1,51.31
027c8551b090d915b6c779c7e970ffef,540,1,33.51
027ca2556afdb5bb0741b214c6380bb2,448,1,115.02
027ce05786a9c91b427cf168e82819e0,383,1,236.21
027d053c7d8203f3ebb4512da23681fb,250,1,178.39
027d5c59887b8a32f409adb105c9cee8,454,1,343.5
027dff2201a97b9920d2dd5240f51a02,62,1,179.22
027e682a11d8db5a162f01e1b59700cb,457,1,148.58
027ef1dce56b52802c3d35cd5beda928,367,1,87.36
027f1c8ff06b9e07a71f720fcb918531,182,1,39.13
027f4dabd2ab93d782fd604ade3f9f1b,225,1,72.05
0280239e6c4add91b8a415d9b2566649,563,1,133.95
0280c3bae373e59fd0f564cf9b0188a1,423,1,40.85
028296541bfb0fe84ab460804e4c0dce,322,1,179.34
0283917cf6822284c4341224ef003fb6,111,1,73.92
0283d9c78c980d3ea0fce611bbc8ad5b,216,1,267.5
02844e55117602121bb79fe70a59522a,499,1,570.98
02848edda6ee321f306660a8399d8cc9,472,1,100.85
0284ca4015977edc8413c917b8e68355,617,1,66.73
0284fd4ad2eb300b86e3fbb61985dd00,274,1,164.6
028610eb2f6daf6bb4c37e1bd2b42210,442,1,472.41
02880ecd2c905f0a16fa1ae3d0884b1b,541,1,113.92
02889f45776f057efa2323d295406cf2,495,1,86.76
028ae0b8c77250d12323b40f2cbb38c7,630,1,77.54
028b8434bd4a6277e77f5b327cc1e1b0,302,1,96.8
028bb7f0b0813c2df891b680c35b5f63,399,1,215.83
028c09f007292c4e3a3b10d296e47987,214,1,456.28
028c1f3fd0bcc7a92d6d4190f6c08ff5,277,1,68.73
028ccf85a88eb595cfa50d7a0d417868,262,1,167.49
028df9d72fe22595a5da837157f1258b,610,1,128.87
028e0685d43827f5ce7882972eeaf6f8,133,1,186.18
028f21bc914b92ebd3d90710df2363b0,345,1,30.1
02900dde8414f41aa7e3e6394eb08871,327,1,172.67
02943af04041ca7713d7ef096d5d7a8a,123,1,70.89
02944edc74d278644e63112966608f62,127,1,106.07
0294560ad384ad92c9aff267bbbd9406,205,1,21.04
0294bdc2d323f7399d6c38690095e94b,176,1,93.91
02961f000d03958b88e9cba0cf6253cb,82,1,249.89
0296a671e6107db6871fcb8ab6330e48,258,1,27.75
0296ddaa154279cc2bd15621e06e6f1f,279,1,119.84
029800f459300049c50c59dcc4244e44,406,1,144.56
029939dc94df37cac6ac39bb3e55562f,347,1,167.51
0299711900aa07c0fe4961eb253431f8,327,1,56.78
0299fedc3f190307e87f32483a9ba4fd,544,1,115.31
029b457bd01199c39136f89e0eddcd3a,286,2,347.55
029d51fd4dc96c03a0e3d71c848adeb2,326,1,131.14
029d944cf2f7fc6640e877c5c3612509,132,1,399.62
029f24823177b442913b23816ee59e17,434,1,197.11
02a0646c59df9bfe155e5afd3317a87b,288,1,235.18
02a09961a48dc54166f61f00c8fcd7e5,476,1,87.7
02a0e3c6bcfdfcbecbc4268ef3797863,199,1,118.43
02a12dc286c290872d5a263fb9af0dfd,106,1,59
02a2094b273efc30447d706e9fc9fceb,84,1,282.07
02a2144d4ae1760a74cedd6b5bfea147,147,1,71.78
02a2a0a9627a062602de754d75038ce4,70,1,532.49
02a3fc88421c4bb19b14420b7d1b6bd3,259,1,62.37
02a6a137ef7fe2414c9e14fc4d060790,198,1,246.99
02a7760053385280fc193a50d86f69d1,60,1,139.94
02a8100f33055beec4d219c04e7d4318,61,1,153.1
02a81ef75e80450061b235f691600dc0,440,1,56.69
02a9f0e03fc4867dc04993af70d4a300,125,1,21.49
02a9fc337956564657d9fa17d41af27f,205,1,71.25
02aa4845dc6ee08624bcc899ad684b33,417,1,85.16
02ab167135d5d29cdc77b3147d75c1ef,574,1,53.42
02ab4d19fd037fa00ad9892f7d529a8f,485,1,150.05
02abda54135beba6c872bc929d06be83,549,1,43.86
02ac2bb64dac05fb338809262ff33a49,572,1,98.84
02ae5429a2a0c57554a8d4b7ed04b7e2,570,1,101.19
02aff8daa5b3527989a29500ff1e8e10,126,1,405.03
02b13b8c07bd3209940a10fdbc724545,417,1,34.78
02b201bcaa62f2e65294692b30fdaa4f,267,1,158.89
02b20b7c813efede140142ac610e36dc,212,2,194.57
02b2ee0aa7ac4b3db5463ec3863ff8f7,162,1,34.13
02b3bd80b9721b83c5b155ace3feede9,129,1,110.41
02b3c998830ee93e9edb49fd91aeae4c,236,1,60
02b3eb3619fdcba4c5a8e5d9ad6c97f2,442,1,117.13
02b6ef845021b8fefe19c8d200f3ee06,197,1,2024.31
